"","huc12","forpehrtdc","acres"
"1","170701020501","Severe",24555.7391168276
"2","170601070702","Severe",21467.9166024498
"3","170701020304","Severe",17932.0419862873
"4","170601100101","Severe",17904.9715359887
"5","170701020401","Severe",16342.2800933554
"6","170601070608","Severe",15517.0350882557
"7","170701020402","Severe",15263.2267076838
"8","170601070701","Severe",15078.5203658784
"9","170601070607","Severe",14591.8554532286
"10","170601070703","Severe",14334.9456821404
"11","170701020303","Severe",13436.0489617306
"12","170601070506","Severe",12785.6584234026
"13","170701020307","Severe",12470.3428108836
"14","170701020306","Severe",10338.6092601505
"15","170701020302","Severe",10316.8213201105
"16","170701020502","Severe",10198.093194273
"17","170601070606","Severe",9229.73782982924
"18","170701020308","Severe",8729.25471341561
"19","170701020305","Severe",8525.08740466155
"20","170701020504","Severe",8431.01442352487
"21","170601070704","Severe",7289.34662314536
"22","170601070808","Severe",5862.65131043292
"23","170601070807","Severe",5691.56395812675
"24","170701020503","Severe",5198.73844950534
"25","170701020302","Moderate",4397.31421060125
"26","170601070607","Moderate",4212.01139066877
"27","170701020403","Severe",4065.42154055877
"28","170601070505","Severe",3455.52619947784
"29","170701020601","Severe",3249.20190929598
"30","170601070806","Severe",3168.68607934424
"31","170701020303","Not rated",2936.03851069405
"32","170701020303","Moderate",2902.62095516738
"33","170601070608","Moderate",2817.7908261973
"34","170701020305","Moderate",2506.59406890852
"35","170701020401","Slight",2349.04123371547
"36","170601070808","Not rated",2285.52769129248
"37","170701020307","Moderate",2261.14113915377
"38","170701020302","Not rated",2249.16259725499
"39","170701020501","Slight",2020.23719877767
"40","170701020501","Moderate",2019.47819917467
"41","170601070608","Slight",2004.99369319076
"42","170701020304","Moderate",1962.42041598516
"43","170601070603","Severe",1925.43139187343
"44","170701020402","Moderate",1884.88907721131
"45","170601070807","Not rated",1810.04738512192
"46","170701020302","Slight",1674.27832307912
"47","170601070505","Moderate",1646.54926424779
"48","170601070604","Not rated",1636.57322001376
"49","170601070604","Severe",1582.62591094446
"50","170701020308","Moderate",1300.53588468555
"51","170601070506","Moderate",1238.27795075029
"52","170701020301","Not rated",1176.14592135619
"53","170701020306","Moderate",1158.36563726995
"54","170601070603","Not rated",995.604509540531
"55","170601070606","Moderate",957.710511697187
"56","170701020304","Slight",953.481638477706
"57","170601070606","Slight",896.86203627216
"58","170601100102","Severe",892.328429397833
"59","170601070701","Moderate",884.443968375099
"60","170601070608","Not rated",831.520554236197
"61","170701020402","Slight",829.928780016102
"62","170701020307","Slight",806.82114140771
"63","170701020303","Slight",716.950903772638
"64","170601070804","Not rated",624.940287030246
"65","170701020502","Slight",600.483320881802
"66","170601070704","Not rated",582.668263086537
"67","170601070703","Moderate",579.442928029532
"68","170601070701","Slight",558.032823414329
"69","170601070805","Severe",554.941033915613
"70","170701020308","Slight",547.887385191122
"71","170701020301","Severe",546.330087648178
"72","170601070605","Severe",530.278550096107
"73","170701020504","Slight",514.37660958911
"74","170701020401","Moderate",482.9363074605
"75","170701020304","Not rated",479.436637911831
"76","170601070702","Moderate",478.302640668884
"77","170701020405","Severe",470.047573660685
"78","170601070506","Slight",453.196491707426
"79","170701020404","Severe",436.20564147552
"80","170601100101","Moderate",413.618733336489
"81","170601070807","Moderate",397.996913499288
"82","170601070603","Slight",330.751379929168
"83","170601070606","Not rated",320.923914006375
"84","170701020308","Not rated",308.454941440702
"85","170701020403","Moderate",306.005708248057
"86","170601070704","Slight",304.370627610458
"87","170601070607","Slight",301.335895532586
"88","170601100101","Slight",280.280905987802
"89","170601100102","Not rated",279.639346235614
"90","170601070703","Slight",278.116224396523
"91","170601070505","Slight",270.832833379093
"92","170601070804","Severe",257.850818261239
"93","170701020601","Slight",252.1623944874
"94","170601070703","Not rated",237.500953766014
"95","170701020504","Moderate",205.459489338118
"96","170701020306","Slight",200.941646090762
"97","170701020404","Moderate",189.613065995501
"98","170601070704","Moderate",188.135247728331
"99","170601070701","Not rated",187.270957773246
"100","170701020305","Not rated",179.581114661591
"101","170601070702","Slight",154.41924574334
"102","170601070603","Moderate",151.776283949398
"103","170601070605","Not rated",148.82440414838
"104","170601100101","Not rated",129.626694398632
"105","170601070604","Slight",128.831982039106
"106","170601070808","Slight",117.124876093628
"107","170701020503","Slight",117.0339626755
"108","170701020502","Moderate",113.292295554757
"109","170701020305","Slight",112.876733650995
"110","170701020401","Not rated",100.479576594937
"111","170601070808","Moderate",99.2809736066998
"112","170701020301","Slight",77.0398236928168
"113","170701020403","",63.9215670105314
"114","170601070504","Severe",51.2217126067163
"115","170601070808","",50.4972856134662
"116","170601070804","Moderate",44.8953120443006
"117","170601070806","Slight",41.6087642485885
"118","170601070504","Moderate",38.4320545640808
"119","170601070805","Moderate",33.3114663633444
"120","170701020601","Moderate",33.2102701920271
"121","170701020403","Slight",32.698940280843
"122","170601100102","Slight",31.9633114165213
"123","170701020401","",30.3468368306221
"124","170601070605","Slight",27.6097235983112
"125","170601070806","Not rated",27.4961969981687
"126","170701020402","",26.8566068650509
"127","170601070607","Not rated",26.1351410114762
"128","170601070805","Not rated",23.1887255233059
"129","170701020402","Not rated",19.316876872081
"130","170601070606","",18.1517267422038
"131","170701020504","",16.7695480414406
"132","170701020503","Moderate",15.911303636432
"133","170701020306","Not rated",15.7431765306718
"134","170601070506","Not rated",13.0792047823633
"135","170701020503","Not rated",13.0218774865115
"136","170701020502","Not rated",11.0849914167466
"137","170701020501","Not rated",10.3795165489803
"138","170601070608","",9.96762974973697
"139","170601070505","",9.14615865543692
"140","170701020405","",7.06336932892724
"141","170701020503","",6.82546308703835
"142","170701020403","Not rated",6.62993890422311
"143","170601100102","",6.24926459428082
"144","170601070604","",4.78003379230877
"145","170601100101","",4.49088838340522
"146","170601070806","Moderate",3.68675293310856
"147","170701020501","",3.07410005911821
"148","170601070807","",2.67469224003286
"149","170601070504","",2.39773687817234
"150","170601070804","",2.19581054000584
"151","170601070805","",1.72870078511717
"152","170601070702","Not rated",1.71162948915184
"153","170601070506","",1.65667589957254
"154","170701020201","",1.47621567102525
"155","170601070605","",1.33074822699274
"156","170701020404","",1.11718158333762
"157","170601070806","",0.639553385614078
"158","170601070605","Moderate",0.626060405883927
"159","170701020307","Not rated",0.0215016445371053
"160","170701020304","",0
