"","huc12","crop","crop_name","acres"
"1",170601070506,1,"Corn",0.444788
"2",170601070506,5,"Soybeans",0.222394
"3",170601070506,21,"Barley",110.08503
"4",170601070506,23,"Spring Wheat",573.77652
"5",170601070506,24,"Winter Wheat",521.736324
"6",170601070506,31,"Canola",52.040196
"7",170601070506,36,"Alfalfa",73.834808
"8",170601070506,37,"Other Hay/Non Alfalfa",0.444788
"9",170601070506,51,"Chick Peas",0.667182
"10",170601070506,53,"Peas",60.04638
"11",170601070506,61,"Fallow/Idle Cropland",988.096542
"12",170601070506,67,"Peaches",1.556758
"13",170601070506,68,"Apples",1.779152
"14",170601070506,69,"Grapes",0.222394
"15",170601070506,70,"Christmas Trees",1.556758
"16",170601070506,121,"Developed/Open Space",87.400842
"17",170601070506,122,"Developed/Low Intensity",29.133614
"18",170601070506,123,"Developed/Med Intensity",3.33591
"19",170601070506,124,"Developed/High Intensity",1.11197
"20",170601070506,142,"Evergreen Forest",6.894214
"21",170601070506,143,"Mixed Forest",0.667182
"22",170601070506,152,"Shrubland",240.18552
"23",170601070506,176,"Grassland/Pasture",11735.064198
"24",170601070506,190,"Woody Wetlands",3.113516
"25",170601070601,121,"Developed/Open Space",1.11197
"26",170601070601,122,"Developed/Low Intensity",0.667182
"27",170601070601,142,"Evergreen Forest",5631.683262
"28",170601070601,152,"Shrubland",2209.261996
"29",170601070601,176,"Grassland/Pasture",1258.75004
"30",170601070602,121,"Developed/Open Space",2.446334
"31",170601070602,122,"Developed/Low Intensity",1.556758
"32",170601070602,123,"Developed/Med Intensity",0.222394
"33",170601070602,124,"Developed/High Intensity",0.222394
"34",170601070602,142,"Evergreen Forest",12247.015186
"35",170601070602,152,"Shrubland",2551.303968
"36",170601070602,176,"Grassland/Pasture",1461.573368
"37",170601070603,24,"Winter Wheat",0.889576
"38",170601070603,67,"Peaches",0.667182
"39",170601070603,68,"Apples",2.891122
"40",170601070603,71,"Other Tree Crops",0.222394
"41",170601070603,77,"Pears",1.334364
"42",170601070603,111,"Open Water",16.012368
"43",170601070603,121,"Developed/Open Space",27.132068
"44",170601070603,122,"Developed/Low Intensity",13.34364
"45",170601070603,123,"Developed/Med Intensity",0.667182
"46",170601070603,124,"Developed/High Intensity",0.222394
"47",170601070603,142,"Evergreen Forest",7633.006868
"48",170601070603,152,"Shrubland",8108.707634
"49",170601070603,176,"Grassland/Pasture",6283.74247
"50",170601070603,190,"Woody Wetlands",0.222394
"51",170601070603,195,"Herbaceous Wetlands",0.444788
"52",170601070604,121,"Developed/Open Space",8.673366
"53",170601070604,142,"Evergreen Forest",2023.340612
"54",170601070604,152,"Shrubland",2553.08312
"55",170601070604,176,"Grassland/Pasture",2928.039404
"56",170601070605,68,"Apples",2.446334
"57",170601070605,69,"Grapes",0.222394
"58",170601070605,121,"Developed/Open Space",1.556758
"59",170601070605,122,"Developed/Low Intensity",6.227032
"60",170601070605,123,"Developed/Med Intensity",0.222394
"61",170601070605,142,"Evergreen Forest",65.383836
"62",170601070605,152,"Shrubland",243.299036
"63",170601070605,176,"Grassland/Pasture",390.746258
"64",170601070606,1,"Corn",0.667182
"65",170601070606,21,"Barley",134.103582
"66",170601070606,23,"Spring Wheat",164.349166
"67",170601070606,24,"Winter Wheat",1167.123712
"68",170601070606,31,"Canola",423.882964
"69",170601070606,36,"Alfalfa",62.047926
"70",170601070606,37,"Other Hay/Non Alfalfa",16.012368
"71",170601070606,43,"Potatoes",3.33591
"72",170601070606,51,"Chick Peas",228.176244
"73",170601070606,52,"Lentils",172.132956
"74",170601070606,53,"Peas",560.877668
"75",170601070606,61,"Fallow/Idle Cropland",2.668728
"76",170601070606,66,"Cherries",3.113516
"77",170601070606,67,"Peaches",4.44788
"78",170601070606,68,"Apples",22.2394
"79",170601070606,69,"Grapes",6.004638
"80",170601070606,70,"Christmas Trees",0.889576
"81",170601070606,77,"Pears",2.446334
"82",170601070606,111,"Open Water",4.225486
"83",170601070606,121,"Developed/Open Space",110.08503
"84",170601070606,122,"Developed/Low Intensity",58.712016
"85",170601070606,123,"Developed/Med Intensity",2.891122
"86",170601070606,124,"Developed/High Intensity",0.667182
"87",170601070606,131,"Barren",1.334364
"88",170601070606,142,"Evergreen Forest",581.782704
"89",170601070606,143,"Mixed Forest",32.914312
"90",170601070606,152,"Shrubland",1617.026774
"91",170601070606,176,"Grassland/Pasture",5984.400146
"92",170601070606,190,"Woody Wetlands",14.900398
"93",170601070606,195,"Herbaceous Wetlands",12.676458
"94",170601070606,205,"Triticale",28.466432
"95",170601070606,242,"Blueberries",0.444788
"96",170601070607,1,"Corn",0.222394
"97",170601070607,21,"Barley",287.777836
"98",170601070607,23,"Spring Wheat",2380.950164
"99",170601070607,24,"Winter Wheat",4332.902302
"100",170601070607,31,"Canola",118.758396
"101",170601070607,36,"Alfalfa",2.891122
"102",170601070607,37,"Other Hay/Non Alfalfa",0.222394
"103",170601070607,43,"Potatoes",2.22394
"104",170601070607,51,"Chick Peas",181.473504
"105",170601070607,53,"Peas",1435.330876
"106",170601070607,61,"Fallow/Idle Cropland",1558.98194
"107",170601070607,67,"Peaches",0.222394
"108",170601070607,68,"Apples",3.113516
"109",170601070607,69,"Grapes",0.667182
"110",170601070607,70,"Christmas Trees",1.556758
"111",170601070607,77,"Pears",0.444788
"112",170601070607,121,"Developed/Open Space",139.885826
"113",170601070607,122,"Developed/Low Intensity",71.833262
"114",170601070607,123,"Developed/Med Intensity",6.67182
"115",170601070607,124,"Developed/High Intensity",2.446334
"116",170601070607,131,"Barren",1.779152
"117",170601070607,142,"Evergreen Forest",32.24713
"118",170601070607,152,"Shrubland",330.477484
"119",170601070607,176,"Grassland/Pasture",8237.47376
"120",170601070607,195,"Herbaceous Wetlands",0.222394
"121",170601070608,1,"Corn",38.251768
"122",170601070608,5,"Soybeans",1.779152
"123",170601070608,21,"Barley",1.11197
"124",170601070608,23,"Spring Wheat",400.086806
"125",170601070608,24,"Winter Wheat",1339.92385
"126",170601070608,28,"Oats",0.222394
"127",170601070608,31,"Canola",0.222394
"128",170601070608,36,"Alfalfa",586.897766
"129",170601070608,37,"Other Hay/Non Alfalfa",17.346732
"130",170601070608,43,"Potatoes",0.889576
"131",170601070608,51,"Chick Peas",73.167626
"132",170601070608,53,"Peas",382.962468
"133",170601070608,59,"Sod/Grass Seed",0.444788
"134",170601070608,61,"Fallow/Idle Cropland",1610.577348
"135",170601070608,66,"Cherries",11.1197
"136",170601070608,67,"Peaches",54.48653
"137",170601070608,68,"Apples",45.145982
"138",170601070608,69,"Grapes",22.2394
"139",170601070608,70,"Christmas Trees",6.227032
"140",170601070608,77,"Pears",8.89576
"141",170601070608,111,"Open Water",0.444788
"142",170601070608,121,"Developed/Open Space",187.033354
"143",170601070608,122,"Developed/Low Intensity",62.047926
"144",170601070608,123,"Developed/Med Intensity",8.006184
"145",170601070608,124,"Developed/High Intensity",2.001546
"146",170601070608,131,"Barren",0.222394
"147",170601070608,142,"Evergreen Forest",468.361764
"148",170601070608,143,"Mixed Forest",138.106674
"149",170601070608,152,"Shrubland",786.829972
"150",170601070608,176,"Grassland/Pasture",14734.936864
"151",170601070608,190,"Woody Wetlands",101.634058
"152",170601070608,195,"Herbaceous Wetlands",4.225486
"153",170601070608,205,"Triticale",85.399296
"154",170601070608,242,"Blueberries",4.44788
"155",170601070701,1,"Corn",0.889576
"156",170601070701,5,"Soybeans",1.11197
"157",170601070701,21,"Barley",4.003092
"158",170601070701,23,"Spring Wheat",783.93885
"159",170601070701,24,"Winter Wheat",3659.048482
"160",170601070701,31,"Canola",14.010822
"161",170601070701,36,"Alfalfa",88.068024
"162",170601070701,37,"Other Hay/Non Alfalfa",0.222394
"163",170601070701,43,"Potatoes",0.444788
"164",170601070701,51,"Chick Peas",28.688826
"165",170601070701,52,"Lentils",0.222394
"166",170601070701,53,"Peas",1252.967796
"167",170601070701,59,"Sod/Grass Seed",0.222394
"168",170601070701,61,"Fallow/Idle Cropland",1835.417682
"169",170601070701,66,"Cherries",0.667182
"170",170601070701,67,"Peaches",17.124338
"171",170601070701,68,"Apples",9.562942
"172",170601070701,69,"Grapes",18.90349
"173",170601070701,70,"Christmas Trees",8.450972
"174",170601070701,77,"Pears",4.225486
"175",170601070701,121,"Developed/Open Space",110.752212
"176",170601070701,122,"Developed/Low Intensity",60.491168
"177",170601070701,123,"Developed/Med Intensity",4.670274
"178",170601070701,124,"Developed/High Intensity",1.11197
"179",170601070701,142,"Evergreen Forest",121.871912
"180",170601070701,143,"Mixed Forest",1.11197
"181",170601070701,152,"Shrubland",80.506628
"182",170601070701,176,"Grassland/Pasture",8545.267056
"183",170601070701,190,"Woody Wetlands",28.021644
"184",170601070701,195,"Herbaceous Wetlands",1.11197
"185",170601070701,205,"Triticale",21.572218
"186",170601070702,1,"Corn",1.11197
"187",170601070702,21,"Barley",0.444788
"188",170601070702,23,"Spring Wheat",2272.421892
"189",170601070702,24,"Winter Wheat",4777.912696
"190",170601070702,31,"Canola",0.889576
"191",170601070702,36,"Alfalfa",0.444788
"192",170601070702,51,"Chick Peas",80.06184
"193",170601070702,53,"Peas",1237.400216
"194",170601070702,59,"Sod/Grass Seed",1.779152
"195",170601070702,61,"Fallow/Idle Cropland",1756.245418
"196",170601070702,67,"Peaches",1.11197
"197",170601070702,68,"Apples",5.115062
"198",170601070702,69,"Grapes",8.228578
"199",170601070702,70,"Christmas Trees",1.556758
"200",170601070702,121,"Developed/Open Space",142.999342
"201",170601070702,122,"Developed/Low Intensity",73.39002
"202",170601070702,123,"Developed/Med Intensity",8.450972
"203",170601070702,124,"Developed/High Intensity",2.22394
"204",170601070702,131,"Barren",0.222394
"205",170601070702,142,"Evergreen Forest",65.161442
"206",170601070702,143,"Mixed Forest",1.11197
"207",170601070702,152,"Shrubland",51.817802
"208",170601070702,176,"Grassland/Pasture",11585.61543
"209",170601070702,190,"Woody Wetlands",5.337456
"210",170601070702,195,"Herbaceous Wetlands",0.222394
"211",170601070702,205,"Triticale",19.793066
"212",170601070703,1,"Corn",110.529818
"213",170601070703,5,"Soybeans",0.667182
"214",170601070703,21,"Barley",4.670274
"215",170601070703,23,"Spring Wheat",273.54462
"216",170601070703,24,"Winter Wheat",2322.238148
"217",170601070703,31,"Canola",75.836354
"218",170601070703,36,"Alfalfa",36.917404
"219",170601070703,43,"Potatoes",5.782244
"220",170601070703,51,"Chick Peas",56.265682
"221",170601070703,53,"Peas",118.98079
"222",170601070703,61,"Fallow/Idle Cropland",1742.012202
"223",170601070703,66,"Cherries",0.889576
"224",170601070703,67,"Peaches",33.136706
"225",170601070703,68,"Apples",2.001546
"226",170601070703,69,"Grapes",25.130522
"227",170601070703,70,"Christmas Trees",6.227032
"228",170601070703,121,"Developed/Open Space",54.264136
"229",170601070703,122,"Developed/Low Intensity",64.271866
"230",170601070703,123,"Developed/Med Intensity",6.004638
"231",170601070703,124,"Developed/High Intensity",2.22394
"232",170601070703,131,"Barren",2.446334
"233",170601070703,142,"Evergreen Forest",87.84563
"234",170601070703,143,"Mixed Forest",0.667182
"235",170601070703,152,"Shrubland",54.931318
"236",170601070703,176,"Grassland/Pasture",10379.572768
"237",170601070703,190,"Woody Wetlands",3.780698
"238",170601070703,195,"Herbaceous Wetlands",2.668728
"239",170601070703,205,"Triticale",17.124338
"240",170601070704,1,"Corn",35.805434
"241",170601070704,5,"Soybeans",1.334364
"242",170601070704,23,"Spring Wheat",0.222394
"243",170601070704,24,"Winter Wheat",1688.192854
"244",170601070704,36,"Alfalfa",9.340548
"245",170601070704,51,"Chick Peas",7.78379
"246",170601070704,61,"Fallow/Idle Cropland",826.416104
"247",170601070704,66,"Cherries",0.222394
"248",170601070704,67,"Peaches",11.1197
"249",170601070704,68,"Apples",14.010822
"250",170601070704,69,"Grapes",16.457156
"251",170601070704,70,"Christmas Trees",2.891122
"252",170601070704,77,"Pears",1.779152
"253",170601070704,111,"Open Water",4.003092
"254",170601070704,121,"Developed/Open Space",31.802342
"255",170601070704,122,"Developed/Low Intensity",94.739844
"256",170601070704,123,"Developed/Med Intensity",21.794612
"257",170601070704,124,"Developed/High Intensity",1.11197
"258",170601070704,131,"Barren",1.334364
"259",170601070704,142,"Evergreen Forest",78.060294
"260",170601070704,143,"Mixed Forest",4.003092
"261",170601070704,152,"Shrubland",64.271866
"262",170601070704,176,"Grassland/Pasture",5465.777338
"263",170601070704,190,"Woody Wetlands",45.59077
"264",170601070704,195,"Herbaceous Wetlands",3.558304
"265",170601070804,61,"Fallow/Idle Cropland",4.44788
"266",170601070804,67,"Peaches",0.444788
"267",170601070804,68,"Apples",0.222394
"268",170601070804,111,"Open Water",576.445248
"269",170601070804,122,"Developed/Low Intensity",0.222394
"270",170601070804,123,"Developed/Med Intensity",0.667182
"271",170601070804,142,"Evergreen Forest",2.891122
"272",170601070804,152,"Shrubland",5.115062
"273",170601070804,176,"Grassland/Pasture",308.01569
"274",170601070804,190,"Woody Wetlands",0.222394
"275",170601070805,36,"Alfalfa",0.667182
"276",170601070805,68,"Apples",1.556758
"277",170601070805,70,"Christmas Trees",0.222394
"278",170601070805,111,"Open Water",20.905036
"279",170601070805,121,"Developed/Open Space",2.001546
"280",170601070805,122,"Developed/Low Intensity",0.222394
"281",170601070805,142,"Evergreen Forest",2.668728
"282",170601070805,152,"Shrubland",8.89576
"283",170601070805,176,"Grassland/Pasture",576.667642
"284",170601070805,190,"Woody Wetlands",1.11197
"285",170601070806,1,"Corn",0.667182
"286",170601070806,5,"Soybeans",0.222394
"287",170601070806,24,"Winter Wheat",468.361764
"288",170601070806,59,"Sod/Grass Seed",0.222394
"289",170601070806,61,"Fallow/Idle Cropland",189.479688
"290",170601070806,67,"Peaches",0.667182
"291",170601070806,69,"Grapes",0.667182
"292",170601070806,70,"Christmas Trees",1.334364
"293",170601070806,111,"Open Water",27.132068
"294",170601070806,121,"Developed/Open Space",5.782244
"295",170601070806,122,"Developed/Low Intensity",0.222394
"296",170601070806,142,"Evergreen Forest",1.334364
"297",170601070806,152,"Shrubland",8.673366
"298",170601070806,176,"Grassland/Pasture",2537.070752
"299",170601070807,21,"Barley",18.458702
"300",170601070807,23,"Spring Wheat",45.813164
"301",170601070807,24,"Winter Wheat",330.25509
"302",170601070807,53,"Peas",1.334364
"303",170601070807,61,"Fallow/Idle Cropland",465.025854
"304",170601070807,111,"Open Water",1475.806584
"305",170601070807,121,"Developed/Open Space",3.780698
"306",170601070807,122,"Developed/Low Intensity",3.33591
"307",170601070807,123,"Developed/Med Intensity",3.780698
"308",170601070807,124,"Developed/High Intensity",1.556758
"309",170601070807,131,"Barren",2.668728
"310",170601070807,142,"Evergreen Forest",2.891122
"311",170601070807,152,"Shrubland",10.230124
"312",170601070807,176,"Grassland/Pasture",5455.769608
"313",170601070807,205,"Triticale",1.556758
"314",170601070807,221,"Strawberries",0.222394
"315",170601070808,24,"Winter Wheat",496.383408
"316",170601070808,36,"Alfalfa",1.556758
"317",170601070808,51,"Chick Peas",15.345186
"318",170601070808,61,"Fallow/Idle Cropland",188.812506
"319",170601070808,68,"Apples",6.67182
"320",170601070808,111,"Open Water",961.631656
"321",170601070808,121,"Developed/Open Space",12.009276
"322",170601070808,122,"Developed/Low Intensity",23.573764
"323",170601070808,123,"Developed/Med Intensity",51.15062
"324",170601070808,124,"Developed/High Intensity",23.796158
"325",170601070808,131,"Barren",10.452518
"326",170601070808,142,"Evergreen Forest",4.892668
"327",170601070808,152,"Shrubland",186.81096
"328",170601070808,176,"Grassland/Pasture",6418.735628
"329",170601070808,190,"Woody Wetlands",0.889576
"330",170601060301,142,"Evergreen Forest",151.672708
"331",170601060301,152,"Shrubland",6.894214
"332",170601060303,36,"Alfalfa",0.222394
"333",170601060303,121,"Developed/Open Space",3.33591
"334",170601060303,122,"Developed/Low Intensity",0.222394
"335",170601060303,123,"Developed/Med Intensity",0.222394
"336",170601060303,131,"Barren",7.78379
"337",170601060303,142,"Evergreen Forest",10873.95463
"338",170601060303,152,"Shrubland",279.549258
"339",170601060303,176,"Grassland/Pasture",96.518996
"340",170601060304,121,"Developed/Open Space",1.556758
"341",170601060304,131,"Barren",0.444788
"342",170601060304,142,"Evergreen Forest",7401.717108
"343",170601060304,152,"Shrubland",201.711358
"344",170601060304,176,"Grassland/Pasture",53.819348
"345",170601060305,121,"Developed/Open Space",0.444788
"346",170601060305,142,"Evergreen Forest",1649.496298
"347",170601060305,152,"Shrubland",40.920496
"348",170601060305,176,"Grassland/Pasture",20.682642
"349",170601060307,36,"Alfalfa",0.889576
"350",170601060307,123,"Developed/Med Intensity",0.444788
"351",170601060307,142,"Evergreen Forest",6525.262354
"352",170601060307,152,"Shrubland",1443.33706
"353",170601060307,176,"Grassland/Pasture",1630.815202
"354",170601060308,142,"Evergreen Forest",1865.88566
"355",170601060308,152,"Shrubland",1897.910396
"356",170601060308,176,"Grassland/Pasture",1252.967796
"357",170601060311,142,"Evergreen Forest",929.162132
"358",170601060311,152,"Shrubland",406.98102
"359",170601060311,176,"Grassland/Pasture",386.96556
"360",170601100101,1,"Corn",0.222394
"361",170601100101,23,"Spring Wheat",2136.316764
"362",170601100101,24,"Winter Wheat",3642.146538
"363",170601100101,51,"Chick Peas",3.558304
"364",170601100101,53,"Peas",2.446334
"365",170601100101,61,"Fallow/Idle Cropland",5389.273802
"366",170601100101,69,"Grapes",0.444788
"367",170601100101,70,"Christmas Trees",0.222394
"368",170601100101,121,"Developed/Open Space",161.013256
"369",170601100101,122,"Developed/Low Intensity",11.564488
"370",170601100101,123,"Developed/Med Intensity",2.001546
"371",170601100101,141,"Deciduous Forest",0.222394
"372",170601100101,142,"Evergreen Forest",2.668728
"373",170601100101,152,"Shrubland",655.839906
"374",170601100101,176,"Grassland/Pasture",6688.944338
"375",170601100101,205,"Triticale",41.14289
"376",170601100102,24,"Winter Wheat",0.222394
"377",170601100102,61,"Fallow/Idle Cropland",6.67182
"378",170601100102,69,"Grapes",0.222394
"379",170601100102,111,"Open Water",90.959146
"380",170601100102,121,"Developed/Open Space",10.674912
"381",170601100102,122,"Developed/Low Intensity",17.346732
"382",170601100102,123,"Developed/Med Intensity",11.1197
"383",170601100102,124,"Developed/High Intensity",0.444788
"384",170601100102,131,"Barren",17.124338
"385",170601100102,142,"Evergreen Forest",0.444788
"386",170601100102,152,"Shrubland",140.10822
"387",170601100102,176,"Grassland/Pasture",915.596098
"388",170601060306,36,"Alfalfa",0.444788
"389",170601060306,43,"Potatoes",0.222394
"390",170601060306,121,"Developed/Open Space",0.444788
"391",170601060306,123,"Developed/Med Intensity",0.667182
"392",170601060306,142,"Evergreen Forest",14027.50155
"393",170601060306,152,"Shrubland",1649.273904
"394",170601060306,176,"Grassland/Pasture",1143.327554
"395",170601060309,131,"Barren",0.222394
"396",170601060309,142,"Evergreen Forest",15193.290898
"397",170601060309,152,"Shrubland",773.93112
"398",170601060309,176,"Grassland/Pasture",1248.297522
"399",170601070504,23,"Spring Wheat",23.128976
"400",170601070504,24,"Winter Wheat",18.458702
"401",170601070504,61,"Fallow/Idle Cropland",26.020098
"402",170601070504,121,"Developed/Open Space",0.889576
"403",170601070504,152,"Shrubland",3.780698
"404",170601070504,176,"Grassland/Pasture",19.793066
"405",170601070505,23,"Spring Wheat",289.556988
"406",170601070505,24,"Winter Wheat",1258.972434
"407",170601070505,31,"Canola",75.391566
"408",170601070505,36,"Alfalfa",32.469524
"409",170601070505,53,"Peas",7.339002
"410",170601070505,61,"Fallow/Idle Cropland",992.98921
"411",170601070505,66,"Cherries",0.222394
"412",170601070505,69,"Grapes",0.667182
"413",170601070505,70,"Christmas Trees",0.444788
"414",170601070505,121,"Developed/Open Space",18.681096
"415",170601070505,122,"Developed/Low Intensity",8.450972
"416",170601070505,124,"Developed/High Intensity",0.889576
"417",170601070505,142,"Evergreen Forest",2.22394
"418",170601070505,152,"Shrubland",62.937502
"419",170601070505,176,"Grassland/Pasture",2631.143414
"420",170701020201,131,"Barren",2.22394
"421",170701020201,142,"Evergreen Forest",9474.429188
"422",170701020201,152,"Shrubland",410.31693
"423",170701020201,176,"Grassland/Pasture",535.747146
"424",170701020301,111,"Open Water",0.667182
"425",170701020301,121,"Developed/Open Space",21.572218
"426",170701020301,122,"Developed/Low Intensity",2.001546
"427",170701020301,123,"Developed/Med Intensity",3.558304
"428",170701020301,142,"Evergreen Forest",11586.505006
"429",170701020301,152,"Shrubland",4291.537018
"430",170701020301,176,"Grassland/Pasture",1899.24476
"431",170701020302,1,"Corn",1.11197
"432",170701020302,23,"Spring Wheat",4.892668
"433",170701020302,24,"Winter Wheat",101.634058
"434",170701020302,31,"Canola",14.678004
"435",170701020302,36,"Alfalfa",0.444788
"436",170701020302,37,"Other Hay/Non Alfalfa",4.225486
"437",170701020302,51,"Chick Peas",8.89576
"438",170701020302,59,"Sod/Grass Seed",4.892668
"439",170701020302,61,"Fallow/Idle Cropland",3.558304
"440",170701020302,68,"Apples",2.891122
"441",170701020302,69,"Grapes",4.670274
"442",170701020302,70,"Christmas Trees",0.222394
"443",170701020302,77,"Pears",0.889576
"444",170701020302,111,"Open Water",7.116608
"445",170701020302,121,"Developed/Open Space",56.265682
"446",170701020302,122,"Developed/Low Intensity",57.155258
"447",170701020302,123,"Developed/Med Intensity",1.334364
"448",170701020302,124,"Developed/High Intensity",0.444788
"449",170701020302,142,"Evergreen Forest",10337.762696
"450",170701020302,152,"Shrubland",4162.10371
"451",170701020302,176,"Grassland/Pasture",5838.732076
"452",170701020302,190,"Woody Wetlands",0.444788
"453",170701020302,195,"Herbaceous Wetlands",0.667182
"454",170701020303,23,"Spring Wheat",40.03092
"455",170701020303,24,"Winter Wheat",580.44834
"456",170701020303,28,"Oats",0.667182
"457",170701020303,36,"Alfalfa",2.446334
"458",170701020303,37,"Other Hay/Non Alfalfa",24.240946
"459",170701020303,51,"Chick Peas",48.259498
"460",170701020303,53,"Peas",0.444788
"461",170701020303,59,"Sod/Grass Seed",1.779152
"462",170701020303,61,"Fallow/Idle Cropland",0.222394
"463",170701020303,67,"Peaches",0.444788
"464",170701020303,68,"Apples",1.779152
"465",170701020303,69,"Grapes",1.779152
"466",170701020303,70,"Christmas Trees",0.222394
"467",170701020303,77,"Pears",0.889576
"468",170701020303,111,"Open Water",0.222394
"469",170701020303,121,"Developed/Open Space",68.497352
"470",170701020303,122,"Developed/Low Intensity",19.125884
"471",170701020303,123,"Developed/Med Intensity",0.444788
"472",170701020303,142,"Evergreen Forest",15823.110706
"473",170701020303,143,"Mixed Forest",0.222394
"474",170701020303,152,"Shrubland",5441.091604
"475",170701020303,176,"Grassland/Pasture",4703.855494
"476",170701020303,195,"Herbaceous Wetlands",0.667182
"477",170701020304,21,"Barley",1.11197
"478",170701020304,23,"Spring Wheat",288.222624
"479",170701020304,24,"Winter Wheat",1857.212294
"480",170701020304,36,"Alfalfa",6.67182
"481",170701020304,37,"Other Hay/Non Alfalfa",49.371468
"482",170701020304,51,"Chick Peas",333.146212
"483",170701020304,53,"Peas",424.550146
"484",170701020304,59,"Sod/Grass Seed",0.667182
"485",170701020304,61,"Fallow/Idle Cropland",60.713562
"486",170701020304,67,"Peaches",1.11197
"487",170701020304,68,"Apples",9.785336
"488",170701020304,69,"Grapes",2.446334
"489",170701020304,70,"Christmas Trees",0.444788
"490",170701020304,71,"Other Tree Crops",0.222394
"491",170701020304,77,"Pears",2.001546
"492",170701020304,111,"Open Water",0.444788
"493",170701020304,121,"Developed/Open Space",98.298148
"494",170701020304,122,"Developed/Low Intensity",44.923588
"495",170701020304,123,"Developed/Med Intensity",2.001546
"496",170701020304,124,"Developed/High Intensity",0.222394
"497",170701020304,142,"Evergreen Forest",15665.210966
"498",170701020304,143,"Mixed Forest",6.894214
"499",170701020304,152,"Shrubland",2398.964078
"500",170701020304,176,"Grassland/Pasture",5373.928616
"501",170701020304,190,"Woody Wetlands",6.227032
"502",170701020304,195,"Herbaceous Wetlands",4.892668
"503",170701020304,205,"Triticale",4.44788
"504",170701020305,1,"Corn",2.891122
"505",170701020305,5,"Soybeans",0.444788
"506",170701020305,21,"Barley",24.685734
"507",170701020305,23,"Spring Wheat",36.917404
"508",170701020305,24,"Winter Wheat",300.2319
"509",170701020305,28,"Oats",84.50972
"510",170701020305,31,"Canola",0.444788
"511",170701020305,36,"Alfalfa",2.001546
"512",170701020305,37,"Other Hay/Non Alfalfa",113.865728
"513",170701020305,51,"Chick Peas",119.425578
"514",170701020305,52,"Lentils",2.22394
"515",170701020305,53,"Peas",12.454064
"516",170701020305,59,"Sod/Grass Seed",3.780698
"517",170701020305,61,"Fallow/Idle Cropland",0.667182
"518",170701020305,69,"Grapes",2.22394
"519",170701020305,121,"Developed/Open Space",80.729022
"520",170701020305,122,"Developed/Low Intensity",12.676458
"521",170701020305,124,"Developed/High Intensity",0.667182
"522",170701020305,142,"Evergreen Forest",7079.91299
"523",170701020305,152,"Shrubland",3190.24193
"524",170701020305,176,"Grassland/Pasture",3348.364064
"525",170701020306,5,"Soybeans",0.222394
"526",170701020306,21,"Barley",825.971316
"527",170701020306,23,"Spring Wheat",701.208282
"528",170701020306,24,"Winter Wheat",2141.431826
"529",170701020306,28,"Oats",4.44788
"530",170701020306,31,"Canola",169.909016
"531",170701020306,36,"Alfalfa",8.450972
"532",170701020306,37,"Other Hay/Non Alfalfa",156.120588
"533",170701020306,43,"Potatoes",2.446334
"534",170701020306,51,"Chick Peas",80.284234
"535",170701020306,52,"Lentils",37.584586
"536",170701020306,53,"Peas",98.298148
"537",170701020306,61,"Fallow/Idle Cropland",90.06957
"538",170701020306,68,"Apples",1.556758
"539",170701020306,69,"Grapes",0.222394
"540",170701020306,77,"Pears",0.222394
"541",170701020306,121,"Developed/Open Space",93.183086
"542",170701020306,122,"Developed/Low Intensity",58.712016
"543",170701020306,123,"Developed/Med Intensity",1.334364
"544",170701020306,124,"Developed/High Intensity",0.667182
"545",170701020306,131,"Barren",0.222394
"546",170701020306,142,"Evergreen Forest",2362.713856
"547",170701020306,152,"Shrubland",1221.610242
"548",170701020306,176,"Grassland/Pasture",4004.426364
"549",170701020306,205,"Triticale",0.444788
"550",170701020307,1,"Corn",8.89576
"551",170701020307,5,"Soybeans",0.222394
"552",170701020307,21,"Barley",119.870366
"553",170701020307,23,"Spring Wheat",1615.247622
"554",170701020307,24,"Winter Wheat",4616.89944
"555",170701020307,28,"Oats",96.963784
"556",170701020307,31,"Canola",368.06207
"557",170701020307,35,"Mustard",0.222394
"558",170701020307,36,"Alfalfa",22.2394
"559",170701020307,37,"Other Hay/Non Alfalfa",5.782244
"560",170701020307,43,"Potatoes",5.55985
"561",170701020307,51,"Chick Peas",541.974178
"562",170701020307,52,"Lentils",4.003092
"563",170701020307,53,"Peas",1570.768822
"564",170701020307,59,"Sod/Grass Seed",0.222394
"565",170701020307,61,"Fallow/Idle Cropland",914.928916
"566",170701020307,66,"Cherries",0.222394
"567",170701020307,67,"Peaches",1.779152
"568",170701020307,68,"Apples",7.116608
"569",170701020307,69,"Grapes",4.892668
"570",170701020307,70,"Christmas Trees",0.444788
"571",170701020307,77,"Pears",0.222394
"572",170701020307,121,"Developed/Open Space",188.367718
"573",170701020307,122,"Developed/Low Intensity",221.949212
"574",170701020307,123,"Developed/Med Intensity",46.70274
"575",170701020307,124,"Developed/High Intensity",32.469524
"576",170701020307,131,"Barren",0.222394
"577",170701020307,142,"Evergreen Forest",762.589026
"578",170701020307,143,"Mixed Forest",1.779152
"579",170701020307,152,"Shrubland",926.27101
"580",170701020307,176,"Grassland/Pasture",3634.362748
"581",170701020307,190,"Woody Wetlands",2.668728
"582",170701020307,195,"Herbaceous Wetlands",1.11197
"583",170701020307,205,"Triticale",0.889576
"584",170701020308,1,"Corn",0.667182
"585",170701020308,5,"Soybeans",0.444788
"586",170701020308,21,"Barley",318.02342
"587",170701020308,23,"Spring Wheat",1702.203676
"588",170701020308,24,"Winter Wheat",3211.591754
"589",170701020308,28,"Oats",60.935956
"590",170701020308,31,"Canola",191.703628
"591",170701020308,36,"Alfalfa",29.356008
"592",170701020308,37,"Other Hay/Non Alfalfa",0.444788
"593",170701020308,51,"Chick Peas",543.975724
"594",170701020308,52,"Lentils",0.444788
"595",170701020308,53,"Peas",259.311404
"596",170701020308,59,"Sod/Grass Seed",38.696556
"597",170701020308,61,"Fallow/Idle Cropland",170.576198
"598",170701020308,66,"Cherries",1.556758
"599",170701020308,67,"Peaches",16.234762
"600",170701020308,68,"Apples",150.338344
"601",170701020308,69,"Grapes",12.454064
"602",170701020308,70,"Christmas Trees",6.894214
"603",170701020308,77,"Pears",49.371468
"604",170701020308,111,"Open Water",1.11197
"605",170701020308,121,"Developed/Open Space",188.367718
"606",170701020308,122,"Developed/Low Intensity",384.296832
"607",170701020308,123,"Developed/Med Intensity",39.141344
"608",170701020308,124,"Developed/High Intensity",15.789974
"609",170701020308,142,"Evergreen Forest",294.67205
"610",170701020308,143,"Mixed Forest",12.454064
"611",170701020308,152,"Shrubland",783.271668
"612",170701020308,176,"Grassland/Pasture",2887.563696
"613",170701020308,190,"Woody Wetlands",7.339002
"614",170701020308,195,"Herbaceous Wetlands",4.225486
"615",170701020308,242,"Blueberries",1.11197
"616",170701020401,1,"Corn",2.446334
"617",170701020401,5,"Soybeans",0.889576
"618",170701020401,21,"Barley",165.016348
"619",170701020401,23,"Spring Wheat",1185.36002
"620",170701020401,24,"Winter Wheat",6156.755496
"621",170701020401,28,"Oats",2.668728
"622",170701020401,31,"Canola",1302.339264
"623",170701020401,36,"Alfalfa",90.291964
"624",170701020401,37,"Other Hay/Non Alfalfa",1.11197
"625",170701020401,43,"Potatoes",0.667182
"626",170701020401,51,"Chick Peas",2426.985722
"627",170701020401,52,"Lentils",9.562942
"628",170701020401,53,"Peas",3415.082264
"629",170701020401,59,"Sod/Grass Seed",4.003092
"630",170701020401,61,"Fallow/Idle Cropland",249.748462
"631",170701020401,66,"Cherries",12.898852
"632",170701020401,67,"Peaches",20.682642
"633",170701020401,68,"Apples",23.128976
"634",170701020401,69,"Grapes",30.02319
"635",170701020401,70,"Christmas Trees",9.785336
"636",170701020401,77,"Pears",1.556758
"637",170701020401,111,"Open Water",3.558304
"638",170701020401,121,"Developed/Open Space",286.665866
"639",170701020401,122,"Developed/Low Intensity",269.541528
"640",170701020401,123,"Developed/Med Intensity",72.055656
"641",170701020401,124,"Developed/High Intensity",26.68728
"642",170701020401,131,"Barren",0.667182
"643",170701020401,142,"Evergreen Forest",569.106246
"644",170701020401,143,"Mixed Forest",109.862636
"645",170701020401,152,"Shrubland",263.314496
"646",170701020401,176,"Grassland/Pasture",2751.01378
"647",170701020401,190,"Woody Wetlands",43.589224
"648",170701020401,195,"Herbaceous Wetlands",4.225486
"649",170701020401,205,"Triticale",1.556758
"650",170701020401,242,"Blueberries",2.22394
"651",170701020402,1,"Corn",2.001546
"652",170701020402,5,"Soybeans",0.222394
"653",170701020402,21,"Barley",24.240946
"654",170701020402,23,"Spring Wheat",1480.476858
"655",170701020402,24,"Winter Wheat",7646.795296
"656",170701020402,31,"Canola",73.167626
"657",170701020402,36,"Alfalfa",2.891122
"658",170701020402,37,"Other Hay/Non Alfalfa",27.354462
"659",170701020402,43,"Potatoes",0.444788
"660",170701020402,51,"Chick Peas",1749.795992
"661",170701020402,52,"Lentils",5.55985
"662",170701020402,53,"Peas",384.519226
"663",170701020402,59,"Sod/Grass Seed",0.667182
"664",170701020402,61,"Fallow/Idle Cropland",982.536692
"665",170701020402,68,"Apples",2.22394
"666",170701020402,69,"Grapes",4.892668
"667",170701020402,70,"Christmas Trees",1.334364
"668",170701020402,111,"Open Water",1.11197
"669",170701020402,121,"Developed/Open Space",136.327522
"670",170701020402,122,"Developed/Low Intensity",24.240946
"671",170701020402,123,"Developed/Med Intensity",4.225486
"672",170701020402,131,"Barren",1.334364
"673",170701020402,142,"Evergreen Forest",1933.493436
"674",170701020402,143,"Mixed Forest",1.334364
"675",170701020402,152,"Shrubland",308.905266
"676",170701020402,176,"Grassland/Pasture",3224.935394
"677",170701020403,21,"Barley",178.137594
"678",170701020403,23,"Spring Wheat",723.670076
"679",170701020403,24,"Winter Wheat",2604.678528
"680",170701020403,31,"Canola",0.667182
"681",170701020403,36,"Alfalfa",1.556758
"682",170701020403,37,"Other Hay/Non Alfalfa",0.222394
"683",170701020403,43,"Potatoes",0.667182
"684",170701020403,51,"Chick Peas",476.145554
"685",170701020403,52,"Lentils",0.222394
"686",170701020403,53,"Peas",166.7955
"687",170701020403,59,"Sod/Grass Seed",2.001546
"688",170701020403,61,"Fallow/Idle Cropland",74.057202
"689",170701020403,68,"Apples",4.225486
"690",170701020403,69,"Grapes",3.558304
"691",170701020403,70,"Christmas Trees",0.667182
"692",170701020403,121,"Developed/Open Space",39.586132
"693",170701020403,122,"Developed/Low Intensity",8.228578
"694",170701020403,123,"Developed/Med Intensity",0.222394
"695",170701020403,142,"Evergreen Forest",15.122792
"696",170701020403,143,"Mixed Forest",0.889576
"697",170701020403,152,"Shrubland",4.892668
"698",170701020403,176,"Grassland/Pasture",167.462682
"699",170701020403,190,"Woody Wetlands",1.11197
"700",170701020404,23,"Spring Wheat",1.334364
"701",170701020404,24,"Winter Wheat",71.388474
"702",170701020404,51,"Chick Peas",54.041742
"703",170701020404,52,"Lentils",0.222394
"704",170701020404,121,"Developed/Open Space",1.11197
"705",170701020404,142,"Evergreen Forest",417.655932
"706",170701020404,152,"Shrubland",78.94987
"707",170701020404,176,"Grassland/Pasture",3.33591
"708",170701020405,23,"Spring Wheat",53.152166
"709",170701020405,24,"Winter Wheat",141.664978
"710",170701020405,61,"Fallow/Idle Cropland",281.550804
"711",170701020405,152,"Shrubland",0.889576
"712",170701020405,176,"Grassland/Pasture",1.779152
"713",170701020501,1,"Corn",15.789974
"714",170701020501,5,"Soybeans",1.11197
"715",170701020501,21,"Barley",914.261734
"716",170701020501,23,"Spring Wheat",6946.031802
"717",170701020501,24,"Winter Wheat",10477.870916
"718",170701020501,28,"Oats",0.222394
"719",170701020501,31,"Canola",1518.728626
"720",170701020501,36,"Alfalfa",108.305878
"721",170701020501,37,"Other Hay/Non Alfalfa",2.22394
"722",170701020501,43,"Potatoes",1.334364
"723",170701020501,51,"Chick Peas",721.446136
"724",170701020501,52,"Lentils",3.558304
"725",170701020501,53,"Peas",3912.800036
"726",170701020501,59,"Sod/Grass Seed",0.222394
"727",170701020501,61,"Fallow/Idle Cropland",948.51041
"728",170701020501,67,"Peaches",0.222394
"729",170701020501,68,"Apples",11.342094
"730",170701020501,69,"Grapes",6.894214
"731",170701020501,70,"Christmas Trees",1.11197
"732",170701020501,121,"Developed/Open Space",263.759284
"733",170701020501,122,"Developed/Low Intensity",93.183086
"734",170701020501,123,"Developed/Med Intensity",8.450972
"735",170701020501,124,"Developed/High Intensity",3.558304
"736",170701020501,131,"Barren",0.222394
"737",170701020501,142,"Evergreen Forest",167.685076
"738",170701020501,152,"Shrubland",91.18154
"739",170701020501,176,"Grassland/Pasture",2391.402682
"740",170701020501,190,"Woody Wetlands",1.11197
"741",170701020501,195,"Herbaceous Wetlands",0.222394
"742",170701020502,1,"Corn",4.670274
"743",170701020502,21,"Barley",2.446334
"744",170701020502,23,"Spring Wheat",1276.319166
"745",170701020502,24,"Winter Wheat",5242.716156
"746",170701020502,31,"Canola",8.450972
"747",170701020502,35,"Mustard",3.780698
"748",170701020502,38,"Camelina",0.222394
"749",170701020502,51,"Chick Peas",158.566922
"750",170701020502,53,"Peas",1048.810104
"751",170701020502,59,"Sod/Grass Seed",1.334364
"752",170701020502,61,"Fallow/Idle Cropland",1726.444622
"753",170701020502,66,"Cherries",0.444788
"754",170701020502,67,"Peaches",1.779152
"755",170701020502,68,"Apples",4.44788
"756",170701020502,69,"Grapes",5.115062
"757",170701020502,70,"Christmas Trees",0.889576
"758",170701020502,121,"Developed/Open Space",62.715108
"759",170701020502,122,"Developed/Low Intensity",53.37456
"760",170701020502,123,"Developed/Med Intensity",2.668728
"761",170701020502,124,"Developed/High Intensity",1.11197
"762",170701020502,142,"Evergreen Forest",27.576856
"763",170701020502,143,"Mixed Forest",0.444788
"764",170701020502,152,"Shrubland",83.620144
"765",170701020502,176,"Grassland/Pasture",1201.594782
"766",170701020502,190,"Woody Wetlands",1.556758
"767",170701020502,195,"Herbaceous Wetlands",1.11197
"768",170701020502,205,"Triticale",0.222394
"769",170701020503,23,"Spring Wheat",303.790204
"770",170701020503,24,"Winter Wheat",1844.091048
"771",170701020503,31,"Canola",0.222394
"772",170701020503,36,"Alfalfa",3.113516
"773",170701020503,51,"Chick Peas",22.906582
"774",170701020503,53,"Peas",355.385612
"775",170701020503,61,"Fallow/Idle Cropland",1594.787374
"776",170701020503,66,"Cherries",0.222394
"777",170701020503,68,"Apples",2.22394
"778",170701020503,69,"Grapes",3.113516
"779",170701020503,70,"Christmas Trees",0.667182
"780",170701020503,121,"Developed/Open Space",47.81471
"781",170701020503,122,"Developed/Low Intensity",18.013914
"782",170701020503,123,"Developed/Med Intensity",0.222394
"783",170701020503,142,"Evergreen Forest",3.558304
"784",170701020503,152,"Shrubland",507.725502
"785",170701020503,176,"Grassland/Pasture",645.609782
"786",170701020504,5,"Soybeans",0.667182
"787",170701020504,21,"Barley",18.013914
"788",170701020504,23,"Spring Wheat",898.47176
"789",170701020504,24,"Winter Wheat",2802.609188
"790",170701020504,31,"Canola",298.675142
"791",170701020504,36,"Alfalfa",22.461794
"792",170701020504,53,"Peas",9.118154
"793",170701020504,59,"Sod/Grass Seed",1.11197
"794",170701020504,61,"Fallow/Idle Cropland",3123.968518
"795",170701020504,66,"Cherries",0.889576
"796",170701020504,67,"Peaches",0.667182
"797",170701020504,68,"Apples",5.115062
"798",170701020504,69,"Grapes",9.785336
"799",170701020504,70,"Christmas Trees",1.11197
"800",170701020504,76,"Walnuts",0.222394
"801",170701020504,121,"Developed/Open Space",64.49426
"802",170701020504,122,"Developed/Low Intensity",13.566034
"803",170701020504,123,"Developed/Med Intensity",0.889576
"804",170701020504,124,"Developed/High Intensity",0.444788
"805",170701020504,142,"Evergreen Forest",1.334364
"806",170701020504,143,"Mixed Forest",0.444788
"807",170701020504,152,"Shrubland",582.005098
"808",170701020504,176,"Grassland/Pasture",1311.679812
"809",170701020601,23,"Spring Wheat",124.095852
"810",170701020601,24,"Winter Wheat",1381.06674
"811",170701020601,31,"Canola",0.222394
"812",170701020601,51,"Chick Peas",12.898852
"813",170701020601,53,"Peas",326.251998
"814",170701020601,59,"Sod/Grass Seed",0.444788
"815",170701020601,61,"Fallow/Idle Cropland",1135.988552
"816",170701020601,121,"Developed/Open Space",13.34364
"817",170701020601,122,"Developed/Low Intensity",1.334364
"818",170701020601,124,"Developed/High Intensity",0.222394
"819",170701020601,152,"Shrubland",173.244926
"820",170701020601,176,"Grassland/Pasture",362.50222
