"Location_ID","Location_Name","Location_Setting","Location_Setting_Description","Location_Description","Ecology_Facility_Site_ID","Is_Location_a_Well","Address","City","State","Zip_Code","County","Watershed_WRIA","Ecology_Region","US_Congressional_District","State_Legislative_District","NHD_Reach_Code","NHD_Reach_Measure","NHD_Edit_Date","Calculated_Latitude_Decimal_Degrees_NAD83HARN","Calculated_Longitude_Decimal_Degrees_NAD83HARN","Horizontal_Coordinates_Represent","Horizontal_Coordinate_Accuracy","Horizontal_Coordinate_Collection_Method","Paper_Map_Scale","Township_Number","Township_Direction","Range_Number","Range_Direction","Section_Number","Quarter_Section_Township_Range","Quarter_Quarter_Section_Township_Range","Elevation_of","Elevation","Elevation_Units","Elevation_Datum","Elevation_Accuracy","Elevation_Collecton_Method","Sediment_Elevation_Elevation_Reference","Location_Suspect_or_Rejected_Flag","Location_Suspect_Code","Location_Suspect_Description","Location_ID_Alias","Associated_Study_ID","Record_Created_On","Location_System_ID"
"32B120","TOUCHET RIVER NEAR DAYTON","Stream/River","Channeled, flowing water","LOCATED APPROXIMATELY 1.5 MILES EAST OF LEWIS AND CLARK TRAIL STATE PARK AND 3.1 MILES WEST OF DAYTON, .2 MILES UP ROSE GULCH ROAD (ROAD 15)",,"N","","","WA","","COLUMBIA","Walla Walla","Eastern Regional Office",5,16,"",,,46.29055,-118.04444,"stream center","+/- 40 ft (12 m)","Paper map interpolation","1:25,000",9,"N",38,"E",3,"NW","SE","",1460,"FT","NGVD29","+/- 10 ft (3 m)","Paper map interpolation","Mean sea level (MSL)","","","","","AMS001B",,7222011
"32B130","TOUCHET RIVER AT DAYTON","Stream/River","Channeled, flowing water","LOCATED AT THE BRIDGE ON US HIGHWAY 410 AT THE WEST END OF DAYTON",,"N","","","WA","","COLUMBIA","Walla Walla","Eastern Regional Office",5,16,"17070102000309",17.1119991123367,2/22/2012 12:00:00 AM,46.31861,-117.9825,"stream center","+/- 40 ft (12 m)","Paper map interpolation","1:25,000",10,"N",39,"E",30,"NW","SE","",1600,"FT","NGVD29","+/- 10 ft (3 m)","Paper map interpolation","Mean sea level (MSL)","","","","","AMS001B, AMS001D, AMS001E, SCTA0001",,8222011
"32B140","TOUCHET RIVER ABOVE DAYTON","Stream/River","Channeled, flowing water","Footbridge at City Park upstream of US 12.",,"N","","","WA","","Columbia","Walla Walla","Eastern Regional Office",5,16,"",,,46.3146000009422,-117.97737,"stream center","+/- 40 ft (12 m)","Computer map - GIS-based","1:25,000",10,"N",39,"E",30,"SE","NW","",1610,"FT","NGVD29","+/- 10 ft (3 m)","Paper map interpolation","Mean sea level (MSL)","","","","","AMS001D, AMS001E, FMUFLOW&WQ",,9222011
"32DAY-WWTP","DAYTON WASTEWATER TREATMENT PLANT","Source-HumanMade","Human-constructed source such as discharge/pipe, sewer/septic, stormwater conveyance, industrial, agricultural, lagoon or other source.","DAYTON WASTEWATER TREATMENT PLANT",,"N","","","WA","","COLUMBIA","Walla Walla","Eastern Regional Office",5,16,"",,,46.3159800009505,-118.00355,"Unknown","+/- 40 ft (12 m)","GPS consumer unit or unknown (code phase)","",10,"N",38,"E",25,"SW","NE","",,"","","","","","","","","","JJOY0003, JROSL002, SCTA0001, WWGWStudy_ECYUSGS_01",,6104131
"32E050","North Fork Touchet River above Dayton","Stream/River","Channeled, flowing water","North Fork Touchet River above Dayton",,"N","","","WA","","Columbia","Walla Walla","Eastern Regional Office",5,16,"",,,46.2976200009422,-117.95306,"Discrete monitoring point","+/- 40 ft (12 m)","Computer map - GIS-based","",10,"N",39,"E",32,"SE","SE","",,"","","","","","","","","","FMUFLOW&WQ, WWGWStudy_ECYUSGS_01",1/12/2022 11:20:58 AM,100121294
"32NFT-00.0","N Fork Touchet R at S Fork confluence","Stream/River","Channeled, flowing water","North Fork Touchet River 75ft. above confluence with South Fork.",,"N","","","WA","","COLUMBIA","Walla Walla","Eastern Regional Office",5,16,"17070102000322",5.25570159923179,3/6/2014 2:44:32 PM,46.3014167301681,-117.9598518119,"Discrete monitoring point","+/- 100 ft (30 m)","Computer map - GIS-based","",10,"N",39,"E",32,"#","#","",,"","","","","","","","","","ASTO0003, JJOY0003, SCTA0001",,1411001
"32NFT-04.9","NF Touchet @ NF Touchet Rd","Stream/River","Channeled, flowing water","N F Touchet @ Wolf Fork Rd (Below Bridge 2ft)",,"N","","","WA","","COLUMBIA","Walla Walla","Eastern Regional Office",5,16,"17070102000340",66.4960109487217,2/22/2012 12:00:00 AM,46.270988,-117.889918,"Discrete monitoring point","+/- 40 ft (12 m)","Computer map - GIS-based","",9,"N",39,"E",11,"SE","NE","",,"","","","","","","","","","ASTO0003, SCTA0001",,4273861
"32NFT-08.9","North Fork Touchet River abv. Jim Creek","Stream/River","Channeled, flowing water","North Fork Touchet River at bridge above Jim Creek",,"N","","","WA","","Columbia","Walla Walla","Eastern Regional Office",5,16,"17070102000343",36.52655,8/14/2014 12:00:00 AM,46.21642,-117.84975,"Discrete monitoring point","+/- 40 ft (12 m)","Computer map - GIS-based","",9,"N",40,"E",31,"NE","SE","",,"","","","","","","","","","JJOY0003",,51815483
"32NFT-15.1","N FORK TOUCHET RIVER ALONG FS RD 64","Stream/River","Channeled, flowing water","N Fork Touchet River Reference Site along FS Rd 64",,"N","","Dayton","WA","","COLUMBIA","Walla Walla","Eastern Regional Office",5,16,"17070102000348",77.8985277382677,2/22/2012 12:00:00 AM,46.1515,-117.8062,"Centroid of monitoring area","+/- 10 ft (3 m)","Computer map - GIS-based","",8,"N",40,"E",21,"SE","SE","",,"","","","","","","","","","SCTA0001",,78093838
"32PAT-00.1","Patit Cr @ Front St","Stream/River","Channeled, flowing water","Patit @ Front St Bridge (Below 5ft)",,"N","","","WA","","COLUMBIA","Walla Walla","Eastern Regional Office",5,16,"17070102000351",11.3459543633792,2/22/2012 12:00:00 AM,46.320583,-117.983502,"Discrete monitoring point","+/- 40 ft (12 m)","Computer map - GIS-based","",10,"N",39,"E",30,"NW","NE","",,"","","","","","","","","","ASTO0003, JJOY0003, SCTA0001",,6273861
"32SFT-00.0","S Fork Touchet R at N Fork confluence","Stream/River","Channeled, flowing water","South Fork Touchet River 40ft. above confluence with North Fork",,"N","","","WA","","COLUMBIA","Walla Walla","Eastern Regional Office",5,16,"17070102000311",0.574649167778218,3/6/2014 2:47:07 PM,46.3014199934729,-117.959845092481,"Discrete monitoring point","+/- 100 ft (30 m)","Computer map - GIS-based","",10,"N",39,"E",32,"#","#","",,"","","","","","","","","","ASTO0003, JJOY0003, SCTA0001",,3411001
"32SFT-00.3","32SFT-00.3","STREAM/RIVER","Channeled, flowing water","SF Touchet R @ Magill Rd",,"N","","","WA","","Columbia","Walla Walla","Eastern Regional Office",5,16,"17070102000311",27.38283,3/6/2014 2:47:07 PM,46.29648,-117.95812,"Discrete monitoring point","+/- 40 ft (12 m)","Computer map - GIS-based","",10,"N",39,"E",32,"SE","SW","",,"","","","","","","","","","JROS0025",7/29/2014 2:59:00 PM,100010165
"32SFT-08.8","SF TOUCHET R IN RAINWATER WILDLIFE AREA","Stream/River","Channeled, flowing water","S Fork Touchet River in Rainwater Wildlife Area",,"N","","Dayton","WA","","COLUMBIA","Walla Walla","Eastern Regional Office",5,16,"17070102000316",3.727,3/3/2016 5:09:35 PM,46.1924,-117.9557,"Centroid of monitoring area","+/- 10 ft (3 m)","Computer map - GIS-based","",8,"N",39,"E",8,"NE","NW","",,"","","","","","","","","","JROS0025, SCTA0001",,30860667
"32TOU-46.2","Touchet R at Lower Hogeye Rd","Stream/River","Channeled, flowing water","Touchet River 20ft. downstream of Lower Hogeye Rd bridge",,"N","","","WA","","COLUMBIA","Walla Walla","Eastern Regional Office",5,16,"17070102000299",32.97517,1/5/2015 10:44:26 AM,46.2745961550803,-118.114271052224,"Discrete monitoring point","+/- 100 ft (30 m)","Computer map - GIS-based","",9,"N",38,"E",7,"NW","SW","",,"","","","","","","","","","JJOY0003",,6411001
"32TOU-48.4","Touchet R at Lewis and Clark State Park","Stream/River","Channeled, flowing water","Touchet River adjacent to small parking area close to the river in Lewis and Clark State Park.  May need to use unmaintained trails for access.",,"N","","","WA","","COLUMBIA","Walla Walla","Eastern Regional Office",5,16,"17070102000303",58.30793,1/5/2015 10:48:23 AM,46.2902561029813,-118.07138917689,"Discrete monitoring point","+/- 100 ft (30 m)","Computer map - GIS-based","",9,"N",38,"E",4,"NW","SW","",,"","","","","","","","","","JJOY0003",,7411001
"32TOU-51.2","Touchet R at Ward Rd","Stream/River","Channeled, flowing water","Touchet River under Ward Rd bridge",,"N","","","WA","","COLUMBIA","Walla Walla","Eastern Regional Office",5,16,"17070102000307",8.65451,4/7/2014 4:16:47 PM,46.3014659089794,-118.01347368913,"Discrete monitoring point","+/- 100 ft (30 m)","Computer map - GIS-based","",10,"N",38,"E",35,"SE","NE","",,"","","","","","","","","","JJOY0003, JROS0025, SCTA0001",,8411001
"32TOU-52.1","TOUCHET R BELOW DAYTON WWTP OUTFALL","Stream/River","Channeled, flowing water","Touchet R below Dayton WWTP outfall",,"N","","Dayton","WA","","COLUMBIA","Walla Walla","Eastern Regional Office",5,16,"17070102000307",74.4282,4/7/2014 4:16:47 PM,46.3152,-118.0048,"Centroid of monitoring area","+/- 10 ft (3 m)","Computer map - GIS-based","",10,"N",38,"E",25,"SW","NE","",,"","","","","","","","","","SCTA0001",,81644113
"32TOU-52.2","TOUCHET R ABOVE DAYTON WWTP OUTFALL","Stream/River","Channeled, flowing water","Touchet R above Dayton WWTP outfall",,"N","","Dayton","WA","","COLUMBIA","Walla Walla","Eastern Regional Office",5,16,"17070102000307",79.05007,4/7/2014 4:16:47 PM,46.316,-118.0036,"Centroid of monitoring area","+/- 10 ft (3 m)","Computer map - GIS-based","",10,"N",38,"E",25,"SW","NE","",,"","","","","","","","","","JROS0025, SCTA0001",,93273426
"32TOU-53.9","Touchet R @ Dayton City Park","Stream/River","Channeled, flowing water","Touchet @ Dayton City Park (Below Foot Bridge 75ft)",,"N","","","WA","","Columbia","Walla Walla","Eastern Regional Office",5,16,"17070102000309",78.28381,2/22/2012 7:35:08 AM,46.31485,-117.9775,"Discrete monitoring point","+/- 100 ft (30 m)","Computer map - GIS-based","",10,"N",39,"E",30,"SE","NW","",,"","","","","","","","","","ASTO0003, JJOY0003",,2473861
"32WFT-00.2","WOLF FORK TOUCHET R NEAR CONFLUENCE","Stream/River","Channeled, flowing water","Wolf Fork Touchet River near confluence",,"N","","Dayton","WA","","COLUMBIA","Walla Walla","Eastern Regional Office",5,16,"17070102000327",11.1702303356578,2/22/2012 12:00:00 AM,46.2714,-117.8953,"Centroid of monitoring area","+/- 10 ft (3 m)","Computer map - GIS-based","",9,"N",39,"E",11,"SE","NW","",,"","","","","","","","","","SCTA0001",,19047601
"AGJ713","AGJ713 (INSTREAM PIEZOMETER)","Stream/River","Channeled, flowing water","INSTREAM PIEZOMETER (TOUCHET R. AT DAYTON CITY PARK, RIVER MILE 53.8)",,"Y","","","WA","","Columbia","Walla Walla","Eastern Regional Office",5,16,"",,,46.3134743125778,-117.974658683244,"Discrete monitoring point","+/- 100 ft (30 m)","GPS consumer unit or unknown (code phase)","",10,"N",39,"E",30,"SE","#","",1615,"FT","NGVD29","+/- 10 ft (3 m)","Paper map interpolation","","","","","","KSIN0007",,4320551
"AGJ714","AGJ714 (INSTREAM PIEZOMETER)","Stream/River","Channeled, flowing water","INSTREAM PIEZOMETER (SOUTH FK. TOUCHET R. AT RIVER MILE 0.02)",,"Y","","","WA","","Columbia","Walla Walla","Eastern Regional Office",5,16,"",,,46.3009744123849,-117.959379018444,"Discrete monitoring point","+/- 100 ft (30 m)","GPS consumer unit or unknown (code phase)","",10,"N",39,"E",32,"#","#","",1662,"FT","NGVD29","+/- 10 ft (3 m)","Paper map interpolation","","","","","","KSIN0007",,9265551
"AGJ715","AGJ715 (INSTREAM PIEZOMETER)","Stream/River","Channeled, flowing water","INSTREAM PIEZOMETER (TOUCHET R. AT RIVER MILE 54.9)",,"Y","","","WA","","Columbia","Walla Walla","Eastern Regional Office",5,16,"",,,46.3015294170015,-117.959657058587,"Discrete monitoring point","+/- 100 ft (30 m)","GPS consumer unit or unknown (code phase)","",10,"N",39,"E",32,"#","#","",1660,"FT","NGVD29","+/- 10 ft (3 m)","Paper map interpolation","","","","","","KSIN0007",,30651
"AGJ716","AGJ716 (INSTREAM PIEZOMETER)","Stream/River","Channeled, flowing water","INSTREAM PIEZOMETER (WOLF CREEK AT RIVER MILE 4.7)",,"Y","","","WA","","Columbia","Walla Walla","Eastern Regional Office",5,16,"",,,46.2215303358838,-117.87492581163,"Discrete monitoring point","+/- 100 ft (30 m)","GPS consumer unit or unknown (code phase)","",9,"N",39,"E",36,"NE","NW","",2340,"FT","NGVD29","+/- 20 ft (6 m)","Paper map interpolation","","","","","","KSIN0007",,8240651
"AGJ717","AGJ717 (INSTREAM PIEZOMETER)","Stream/River","Channeled, flowing water","INSTREAM PIEZOMETER (N. FK. TOUCHET R. AT RIVER MILE 8.9 )",,"Y","","","WA","","Columbia","Walla Walla","Eastern Regional Office",5,16,"",,,46.2168089003109,-117.850201824149,"Discrete monitoring point","+/- 100 ft (30 m)","GPS consumer unit or unknown (code phase)","",9,"N",40,"E",31,"NE","SW","",2400,"FT","NGVD29","+/- 20 ft (6 m)","Paper map interpolation","","","","","","KSIN0007",,3160651
"AGJ722","AGJ722 (INSTREAM PIEZOMETER)","Stream/River","Channeled, flowing water","INSTREAM PIEZOMETER (TOUCHET R NEAR LOWER HOGEYE RD, AT RIVER MILE 46.2)",,"Y","","","WA","","Columbia","Walla Walla","Eastern Regional Office",5,16,"",,,46.2748619873352,-118.11383701791,"Discrete monitoring point","+/- 100 ft (30 m)","GPS consumer unit or unknown (code phase)","",9,"N",38,"E",7,"NW","SW","",1310,"FT","NGVD29","+/- 10 ft (3 m)","Paper map interpolation","","","","","","KSIN0007",,4541651
"BIO06600-ROFO11","ROBINSON FORK","Stream/River","Channeled, flowing water","ROBINSON FORK",,"N","","","WA","","Columbia","Walla Walla","Eastern Regional Office",5,16,"",,,46.20751,-117.89944,"Stream segment, can include riparian zone","+/- 100 ft (30 m)","Computer map - GIS-based","",,"",,"",,"","","",,"","","","","","","","","","WHM_BIO, WHM_BIO_P",5/30/2019 1:11:30 AM,100092021
"BIO06600-SPAN11","SPANGLER CREEK","STREAM/RIVER","Channeled, flowing water","SPANGLER CREEK",,"N","","","WA","","Columbia","Walla Walla","Eastern Regional Office",5,16,"17070102001158",3.62425,2/22/2012 12:00:00 AM,46.1483,-117.8035,"Stream segment, can include riparian zone","+/- 250 ft (76 m)","GPS high-end consumer unit (DGPS or WAAS enabled)","",8,"N",40,"E",27,"NW","NW","",,"","","","","","","","","","WHM_BIO, WHM_BIO_P",,8314230
"FS95362668-1","FS95362668_B-1","Land","On or below land surface, including most wells","Located approximately 44 feet SE of the center of the current study area",95362668,"Y","","Dayton","WA","","Columbia","Walla Walla","Eastern Regional Office",5,16,"",,,46.3153599998835,-117.990959999994,"Discrete monitoring point","+/- 1 ft (0.3 m)","GPS consumer unit or unknown (code phase)","",10,"N",39,"E",30,"SW","NW","",,"","","","","","","","","","FS95362668",6/21/2017 5:17:00 PM,100066376
"FS95362668-2","FS95362668_B-2","Land","On or below land surface, including most wells","Located approximately 96 feet NE of the center of the current study area",95362668,"Y","","Dayton","WA","","Columbia","Walla Walla","Eastern Regional Office",5,16,"",,,46.3156262810612,-117.991008122071,"Discrete monitoring point","+/- 1 ft (0.3 m)","GPS consumer unit or unknown (code phase)","",10,"N",39,"E",30,"SW","NW","",,"","","","","","","","","","FS95362668",6/21/2017 5:17:01 PM,100066377
"FS95362668-3","FS95362668_B-3","Land","On or below land surface, including most wells","Located approximately 53 feet NW of the center of the current study area",95362668,"Y","","Dayton","WA","","Columbia","Walla Walla","Eastern Regional Office",5,16,"",,,46.3154399998541,-117.991319999889,"Discrete monitoring point","+/- 1 ft (0.3 m)","GPS consumer unit or unknown (code phase)","",10,"N",39,"E",30,"SW","NW","",,"","","","","","","","","","FS95362668",6/21/2017 5:17:01 PM,100066378
"FS95362668-4","FS95362668_B-4","Land","On or below land surface, including most wells","Located approximately 112 feet SE of the center of the current study area",95362668,"Y","","Dayton","WA","","Columbia","Walla Walla","Eastern Regional Office",5,16,"",,,46.3150572814738,-117.990938080867,"Discrete monitoring point","+/- 1 ft (0.3 m)","GPS consumer unit or unknown (code phase)","",10,"N",39,"E",30,"SW","NW","",,"","","","","","","","","","FS95362668",6/21/2017 5:17:02 PM,100066379
"FS95362668-5","FS95362668_MW-1","Land","On or below land surface, including most wells","Located approximately 55 feet NE of the center of the current study area",95362668,"Y","","Dayton","WA","","Columbia","Walla Walla","Eastern Regional Office",5,16,"",,,46.3154084892064,-117.990920490799,"Discrete monitoring point","+/- 1 ft (0.3 m)","GPS consumer unit or unknown (code phase)","",10,"N",39,"E",30,"SW","NW","",,"","","","","","","","","","FS95362668",6/21/2017 5:17:02 PM,100066380
"FS95362668-6","FS95362668_MW-2","Land","On or below land surface, including most wells","Located approximately 124 feet NW of the center of the current study area",95362668,"Y","","Dayton","WA","","Columbia","Walla Walla","Eastern Regional Office",5,16,"",,,46.315687985491,-117.991328684217,"Discrete monitoring point","+/- 1 ft (0.3 m)","GPS consumer unit or unknown (code phase)","",10,"N",39,"E",30,"SW","NW","",,"","","","","","","","","","FS95362668",6/21/2017 5:17:03 PM,100066381
"FS95362668-7","FS95362668_MW-3","Land","On or below land surface, including most wells","Located approximately 111 feet SW of the center of the current study area",95362668,"Y","","Dayton","WA","","Columbia","Walla Walla","Eastern Regional Office",5,16,"",,,46.315072730993,-117.991159865526,"Discrete monitoring point","+/- 1 ft (0.3 m)","GPS consumer unit or unknown (code phase)","",10,"N",39,"E",30,"SW","NW","",,"","","","","","","","","","FS95362668",6/21/2017 5:17:04 PM,100066382
"WAM06600-001205","JIM CREEK","Stream/River","Channeled, flowing water","JIM CREEK",,"N","","","WA","","Columbia","Walla Walla","Eastern Regional Office",5,16,"17070102000411",9.236,2/22/2012 12:00:00 AM,46.22134659,-117.821803,"Discrete monitoring point","Unknown","Computer map - GIS-based","",9,"N",40,"E",33,"NW","NW","",,"","","","","","","","","","WHM_WAM0",,87646500
"WAM06600-002101","ROBINSON FORK","Stream/River","Channeled, flowing water","ROBINSON FORK",,"N","","","WA","","Columbia","Walla Walla","Eastern Regional Office",5,16,"17070102000330",53.182,2/22/2012 12:00:00 AM,46.18474525,-117.9117499,"Discrete monitoring point","Unknown","Computer map - GIS-based","",8,"N",39,"E",10,"SE","NE","",,"","","","","","","","","","WHM_WAM0",,80513101
"WAM06600-002185","WHISKY CREEK","Stream/River","Channeled, flowing water","WHISKY CREEK",,"N","","","WA","","Columbia","Walla Walla","Eastern Regional Office",5,16,"17070102000295",42.061,2/22/2012 12:00:00 AM,46.26991336,-118.1080188,"Discrete monitoring point","Unknown","Computer map - GIS-based","",9,"N",38,"E",7,"SW","NE","",,"","","","","","","","","","WHM_WAM0",,42648611
"WAM06600-002793","LOST SPRINGS CREEK","Stream/River","Channeled, flowing water","LOST SPRINGS CREEK",,"N","","","WA","","Columbia","Walla Walla","Eastern Regional Office",5,16,"17070102000560",17.482,2/22/2012 12:00:00 AM,46.36253847,-118.1520469,"Discrete monitoring point","Unknown","Computer map - GIS-based","",10,"N",37,"E",11,"NW","SE","",,"","","","","","","","","","WHM_WAM0",,42003908
"WAM06600-006889","LOST SPRINGS CREEK TRIBUTARY","Stream/River","Channeled, flowing water","LOST SPRINGS CREEK TRIBUTARY",,"N","","","WA","","Columbia","Walla Walla","Eastern Regional Office",5,16,"17070102000559",22.814,2/22/2012 12:00:00 AM,46.36488246,-118.1478168,"Discrete monitoring point","Unknown","Computer map - GIS-based","",10,"N",37,"E",11,"NW","NE","",,"","","","","","","","","","WHM_WAM0",,87260195
"WAM06600-010137","WAM06600-010137","STREAM/RIVER","Channeled, flowing water","TOUCHET RIVER",,"N","","","WA","","Columbia","Walla Walla","Eastern Regional Office",5,16,"",,,46.31829,-117.98318,"Stream segment, can include riparian zone","+/- 100 ft (30 m)","Computer map - GIS-based","",10,"N",39,"E",30,"NW","SE","",,"","","","","","","","","","WHM_WAM0",6/6/2016 9:55:53 AM,100043790
"WAM06600-010377","PAYNE HOLLOW CREEK","Stream/River","Channeled, flowing water","PAYNE HOLLOW CREEK NEAR HARTING GRADE",,"N","","","WA","","Columbia","Walla Walla","Eastern Regional Office",5,16,"17070102000887",9.93,2/22/2012 12:00:00 AM,46.26248545,-117.9811483,"Discrete monitoring point","Unknown","Computer map - GIS-based","",9,"N",39,"E",18,"NW","NE","",,"","","","","","","","","","WHM_WAM0",,19642840
"WAM06600-011161","PATIT CREEK WEST TRIBUTARY","Stream/River","Channeled, flowing water","PATIT CREEK WEST TRIBUTARY",,"N","","","WA","","Columbia","Walla Walla","Eastern Regional Office",5,16,"17070102000808",27.806,2/22/2012 12:00:00 AM,46.29948039,-117.7130348,"Discrete monitoring point","Unknown","Computer map - GIS-based","",10,"N",41,"E",32,"SW","NW","",,"","","","","","","","","","WHM_WAM0",,60942740
"WAM06600-015081","JOHNSON HOLLOW CREEK","Stream/River","Channeled, flowing water","JOHNSON HOLLOW CREEK",,"N","","","WA","","Columbia","Walla Walla","Eastern Regional Office",5,16,"17070102000654",83.852,2/22/2012 12:00:00 AM,46.34533076,-117.9783191,"Discrete monitoring point","Unknown","Computer map - GIS-based","",10,"N",39,"E",18,"SE","NW","",,"","","","","","","","","","WHM_WAM0",,82282548
"WAM06600-016601","PATIT CREEK NORTH TRIBUTARY","Stream/River","Channeled, flowing water","PATIT CREEK NORTH TRIBUTARY",,"N","","","WA","","Columbia","Walla Walla","Eastern Regional Office",5,16,"17070102000659",10.432,2/22/2012 12:00:00 AM,46.33780144,-117.7275642,"Discrete monitoring point","Unknown","Computer map - GIS-based","",10,"N",41,"E",19,"NE","NW","",,"","","","","","","","","","WHM_WAM0",,33578040
"WAM06600-020009","PAYNE HOLLOW CREEK","Stream/River","Channeled, flowing water","PAYNE HOLLOW CREEK ALONG JASPER MT. RD.",,"N","","","WA","","Columbia","Walla Walla","Eastern Regional Office",5,16,"17070102000887",73.152,2/22/2012 12:00:00 AM,46.23823723,-117.9580886,"Discrete monitoring point","Unknown","Computer map - GIS-based","",9,"N",39,"E",20,"SE","SW","",,"","","","","","","","","","WHM_WAM0",,94096939
"WAM06600-068809","COUGAR CANYON TRIBUTARY","Stream/River","Channeled, flowing water","COUGAR CANYON TRIBUTARY",,"N","","","WA","","Columbia","Walla Walla","Eastern Regional Office",5,16,"17070102007522",82.491,2/22/2012 12:00:00 AM,46.31856119,-117.8228722,"Discrete monitoring point","Unknown","Computer map - GIS-based","",10,"N",40,"E",28,"NW","SW","",,"","","","","","","","","","WHM_WAM0",,18078185
"WW06TCHT01","NORTH FORK TOUCHET RIVER @ S TOUCHET RD","Stream/River","Channeled, flowing water","North Fork Touchet River @ South Touchet Road",,"N","","","WA","","Columbia","Walla Walla","Eastern Regional Office",5,16,"17070102000323",18.92771,3/6/2014 2:42:32 PM,46.2975000000008,-117.952900000002,"Discrete monitoring point","+/- 20 ft (6 m)","GPS consumer unit or unknown (code phase)","",10,"N",39,"E",32,"SE","SE","",,"","","","","","","","","","DGRA0001, JROS0025",,67490988
